{"Training loss": 0.00017262926397459773, "Test loss": 0.0001700397294301253, "Test accuracy": 100.0, "_timestamp": 1698055388.815243, "_runtime": 2775.2626509666443, "_step": 99, "_wandb": {"runtime": 2774}}